<?xml version="1.0" encoding="utf-8"?>
<odoo>
    <data>
        <record id="action_gst_on_sales_report" model="ir.actions.client">
            <field name="name">GST on Sales</field>
            <field name="tag">account_report</field>
            <field name="context" eval="{'model': 'hv.gst.report','reporttype': 'sale'}" />
        </record>

        <record id="action_gst_on_purchase_report" model="ir.actions.client">
            <field name="name">GST on Purchase</field>
            <field name="tag">account_report</field>
            <field name="context" eval="{'model': 'hv.gst.report','reporttype': 'purchase'}" />
        </record>
    </data>
</odoo>