<?xml version="1.0" encoding="utf-8"?>
<odoo>
	<data>
		<record id="email_template_batch_payment" model="mail.template">
			<field name="name">Payment Posted: Send by email</field>
			<field name="model_id" ref="hv_send_remittance_advice.model_batch_payment_email_send"/>
			<field name="email_from">${object.create_uid.email_formatted |safe}</field>
			<field name="email_to">${object.email_vendor}</field>
			<field name="email_cc">${object.email_cc}</field>
			<field name="subject">Payment Notification ${object.payment_ids[0].payment_reference or 'n/a'}</field>
			<field name="body_html" type="html">
				<div><u></u><u></u><u></u>
				<table class="m_-4095914086938366884header" style="font-family:sans-serif;font-size:9pt;margin-top:10px;table-layout:fixed;width:100%;border-collapse:collapse">
					<tbody>
						<tr>
							<td style="padding:0px;font-size:10pt">
								<img src="https://ci5.googleusercontent.com/proxy/kKca2Yb9ZHUXGonBTsBz5H9t4PDZe0WUXaOf7LU04W2YT3nTw5eINKulnwXQjtiV4cqtZyPZMYFFVOa6abLz6-EPwVzBn2Slh3jdEpOUPAZ3I0SqIg5Lvc9lp4m05tMx84LsnMICd7g88jiUTG8=s0-d-e1-ft#https://system.na2.netsuite.com/core/media/media.nl?id=719&amp;c=4514937&amp;h=ff4ba428522156afb694" style="float:left;margin:7px" class="CToWUd"/>
							</td>
							<td style="padding:0px;font-size:10pt">
								<span class="m_-4095914086938366884nameandaddress">
									${user.company_id.name}<br/>
									% if user.company_id.street: 
									${user.company_id.street}<br/>
									% endif
									% if user.company_id.street2: 
									${user.company_id.street2}<br/>
									% endif
									% if user.company_id.city: 
									${user.company_id.city} 
									% endif
									% if user.company_id.state_id: 
									${"{} {}".format(user.company_id.state_id.name, user.company_id.zip)}<br/>
									${user.company_id.country_id.name}<br/>
									% endif
								</span>
							</td>
							<td align="right" style="padding:0px;font-size:10pt">
								<span class="m_-4095914086938366884title" style="font-size:26pt">Payment Voucher</span>
							</td>
						</tr>
					</tbody>
				</table><u></u><u></u>
				<table class="m_-4095914086938366884footer" style="font-family:sans-serif;font-size:9pt;margin-top:10px;table-layout:fixed;width:100%;border-collapse:collapse">
					<tbody>
						<tr>
							<td align="right" style="padding:0px;font-size:8pt"><u></u><u></u><u></u><u></u></td>
						</tr>
					</tbody>
				</table><u></u><u></u>
				<table style="font-family:sans-serif;font-size:9pt;margin-top:10px;table-layout:fixed;width:100%;border-collapse:collapse">
					<tbody>
						<tr>
							<td class="m_-4095914086938366884header" style="padding:3px 6px;font-weight:bold;font-size:10pt;vertical-align:middle;text-align:left;color:rgb(12,84,123)">Paid To</td>
							<td class="m_-4095914086938366884header" style="padding:3px 6px;font-weight:bold;font-size:10pt;vertical-align:middle;text-align:left;color:rgb(12,84,123)">Remittance Note</td>
							<td class="m_-4095914086938366884totalboxtop" style="padding:4px 6px;font-weight:bold;color:rgb(12,84,123);font-size:12pt;background-color:rgb(207,221,231)">AMOUNT</td>
						</tr>
						<tr>
							<td style="padding:4px 6px;vertical-align:top">
								${object.partner_id.name}<br/>
								% if object.partner_id.street: 
								${object.partner_id.street}<br/>
								% endif
								% if object.partner_id.street2: 
								${object.partner_id.street2}<br/>
								% endif
								% if object.partner_id.city: 
								${object.partner_id.city} 
								% endif
								% if object.partner_id.state_id: 
								${"{} ({}) ".format(object.partner_id.state_id.name, object.partner_id.country_id.code)}<br/>
								${object.partner_id.country_id.name}<br/>
								% endif
							</td>
							<td style="padding:4px 6px;vertical-align:top">Payment will be credited to your bank account after 2 - 3 banking days.</td>
							<td class="m_-4095914086938366884totalboxmid" style="padding:3px 6px;font-size:28pt;background-color:rgb(207,221,231);text-align:right">${format_amount(object.total, object.currency_id)}</td>

						</tr>
					</tbody>
				</table><br/>
				<table class="m_-4095914086938366884itemtable" style="font-family:sans-serif;font-size:9pt;margin-top:10px;table-layout:fixed;width:100%;border-collapse:collapse;break-inside:avoid">
					<tbody>
						<tr>
							<td style="font-weight:bold;font-size:10pt;vertical-align:middle;padding:2px 6px;background-color:rgb(207,221,231);color:rgb(12,84,123);text-align:left">Reference Number</td>
							<td style="font-weight:bold;font-size:10pt;vertical-align:middle;padding:2px 6px;background-color:rgb(207,221,231);color:rgb(12,84,123);text-align:left">Payment Date</td>
							<td style="font-weight:bold;font-size:10pt;vertical-align:middle;padding:2px 6px;background-color:rgb(207,221,231);color:rgb(12,84,123);text-align:left">Currency</td>
						</tr>
						<tr>
							<td style="padding:4px 6px">${object.payment_ids[0].payment_reference}</td>
							<td style="padding:4px 6px">${object.date}</td>
							<td style="padding:4px 6px">${object.currency_id.name}</td>
						</tr>
					</tbody>
				</table><br/>
				<table class="m_-4095914086938366884itemtable" style="font-family:sans-serif;font-size:9pt;margin-top:10px;table-layout:fixed;width:100%;border-collapse:collapse;break-inside:avoid;height:43px">
					<thead>
						<tr>
							<td align="left" style="font-weight:bold;font-size:10pt;vertical-align:middle;padding:2px 6px;background-color:rgb(207,221,231);color:rgb(12,84,123)">Date
							</td>
							<td align="left" style="font-weight:bold;font-size:10pt;vertical-align:middle;padding:2px 6px;background-color:rgb(207,221,231);color:rgb(12,84,123)">Vendor Invoice #</td>
							<td align="left" style="font-weight:bold;font-size:10pt;vertical-align:middle;padding:2px 6px;background-color:rgb(207,221,231);color:rgb(12,84,123)">Reference</td>
							<td align="right" style="font-weight:bold;font-size:10pt;vertical-align:middle;padding:2px 6px;background-color:rgb(207,221,231);color:rgb(12,84,123)">Due Date</td>
							<td align="right" style="font-weight:bold;font-size:10pt;vertical-align:middle;padding:2px 6px;background-color:rgb(207,221,231);color:rgb(12,84,123)">Amount Due</td>
							<td align="right" style="font-weight:bold;font-size:10pt;vertical-align:middle;padding:2px 6px;background-color:rgb(207,221,231);color:rgb(12,84,123)">Payment Amount</td>
						</tr>
					</thead>
					<tbody>
						% if object.payment_ids:
						% for pay in object.payment_ids:
						% for line in pay.invoice_ids:
						<tr>
							<td align="left" style="padding:4px 6px">${line.date_invoice}</td>
							<td align="left" style="padding:4px 6px">${line.reference if line.reference else '' }</td>
							<td align="left" style="padding:4px 6px">${line.number}</td>
							<td align="right" style="padding:4px 6px">${line.date_due}</td>
							<td align="right" style="padding:4px 6px">${format_amount(line.amount_total_signed, line.currency_id)}</td>
							<td align="right" style="padding:4px 6px">${format_amount(pay.amount, pay.currency_id)}</td>
						</tr>
						% endfor
						% endfor
						% endif
						<tr>
							<td colspan="3" style="padding:4px 6px"></td>
							<td class="m_-4095914086938366884totalcell" style="padding:4px 6px;font-size:10pt;font-weight:bold;color:rgb(12,84,123);background-color:rgb(207,221,231);text-align:right">Amount</td>
							<td class="m_-4095914086938366884totalcell" style="padding:4px 6px;font-size:10pt;font-weight:bold;color:rgb(12,84,123);background-color:rgb(207,221,231);text-align:right">${format_amount(object.total, object.currency_id)}</td>
						</tr>
					</tbody>
				</table><br/><br/>
				<table style="font-family:sans-serif;font-size:9pt;margin-top:10px;table-layout:fixed;width:100%;border-collapse:collapse">
					<tbody>
						<tr>
							<td style="padding:4px 6px">
								${"For inquiries, please call PH: {} or email ".format(user.company_id.phone)}
								<a href="mailto:account@gentecaustralia.com.au" target="_blank">${user.company_id.email}</a>
							</td>
						</tr>
					</tbody>
				</table><u></u>
			</div>

		</field>
            <field name="lang">${object.partner_id.lang}</field>
            <field name="auto_delete" eval="True"/>
            <!-- <field name="user_signature" eval="False"/> -->
        </record>
    </data>
</odoo>
