<?xml version="1.0" encoding="utf-8"?>
<odoo>
    <record id="l10n_ccleen_au_chart_template" model="account.chart.template">
        <field name="use_anglo_saxon" eval="True"/>
        <field name="property_account_receivable_id" ref="ccleen_au_1100"/>
        <field name="property_account_payable_id" ref="ccleen_au_2000"/>
        <field name="property_account_expense_categ_id" ref="ccleen_au_5010"/>
        <field name="property_account_income_categ_id" ref="ccleen_au_4000"/>
        <field name="property_stock_account_input_categ_id" ref="ccleen_au_2380"/>
        <field name="property_stock_account_output_categ_id" ref="ccleen_au_5010"/>
        <field name="property_stock_valuation_account_id" ref="ccleen_au_1230"/>
        <field name="expense_currency_exchange_account_id" ref="ccleen_au_9950"/>
        <field name="income_currency_exchange_account_id" ref="ccleen_au_5025"/>
    </record>
</odoo>
