<?xml version="1.0" encoding="utf-8"?>
<odoo>
	<data noupdate="1">
		<record id="base.AUD" model="res.currency">
			<field name="active" eval="True"/>
		</record>
		<record id="base.NZD" model="res.currency">
			<field name="active" eval="True"/>
		</record>

		<record id="base.JPY" model="res.currency">
			<field name="active" eval="True"/>
		</record>

		<record id="base.INR" model="res.currency">
			<field name="active" eval="True"/>
		</record>

		<record id="base.GBP" model="res.currency">
			<field name="active" eval="True"/>
		</record>

		<record id="base.USD" model="res.currency">
			<field name="active" eval="True"/>
		</record>

		<record id="base.EUR" model="res.currency">
			<field name="active" eval="True"/>
		</record>
	</data>
</odoo>
